Product Name,Price
,
,
,
,
Italian MARBEL Print Shirt Mens 1 PC,699.0
Italian MARBEL Print Shirt Mens 1 PC,699.0
by Wear Your Mind Boy's Regular fit T-Shirt,371.0
Kids Boys Tshirts(Pack of 5),479.0
Boys Full Sleeves Regular Fit Cotton T-Shirt,717.0
MW62 Women's Microfiber Round Neck Relaxed Fit T-Shirt with StayDry and StayFresh Treatment Pack of 2,1698.0
Girls Full Sleeves Regular Fit Cotton T-Shirt,717.0
Boys' Plain Regular Fit Shirt,699.0
Boy's Solid Regular Fit Shirt,529.0
Baby Boy's & Baby Girl's Printed T-Shirt/Jhabla/Nightsuits with Assorted Prints- Multi-Pack,749.0
Branded Cotton Bio wash Round Neck Half Sleeve Solid T-Shirt for Boys and Baby,299.0
AW89 Women's Super Combed Cotton Rich Fabric Relaxed Fit V-Neck Half Sleeve T-Shirt Pack of 2,1098.0
Avengers Boy's Tshirt,399.0
Boys Half Sleeve t Shirts (2k18)(02)(Pack of 5),479.0
Mens Regular Fit T-Shirt 2714_Pack of 2,1128.0
Kids T-Shirt Bal Hanuman Full Combo (Including Preschool Bag and 40 Pages 3D Movie Comic) (2-3 Years),999.0
Boy's Regular Fit T-Shirt(Pack of 3),389.0
"Johny Johny Kids T-Shirt Combo Unisex (Including 14"" Preschool Bag and 40 Pages 3D Movie Comic)",999.0
Boy's Solid Regular Fit T-Shirt,340.0
Boy's Regular Fit T-Shirts (Pack of 3),607.0
Avengers by Wear Your Mind Boy's Regular fit T-Shirt (DMA0098.2_Black5 3 4 Years),344.0
Men's Round Neck Cotton Half Sleeved T-Shirt with Printed Graphics - Bhakti Lord Ram,449.0
100% Pure Cotton Oversized Losse Baggy Fit Half Sleeve Printed Round Neck Multicolor T-Shirt for Men & Boys (Pack of 3) (Available in Sizes: S to 2XL),999.0
Keep Calm & Practice Yoga cotton bio wahsed half sleeves T-Shirt,499.0
Mens Printed Round Neck Full Hand Tshirt,399.0
Family | Men's & Boy's | My Son My Hero My Dad My Hero | Cotton | Printed | Regular Fit T-shirts |Pack of 2| Matching Twinning Tees,851.0
"Womens V Neck Solid Regular Fit T-Shirt Pack of 2, Assorted",1298.0
A142 Women's Super Combed Cotton Printed Fabric Relaxed Fit Long Length T-Shirt with Side Slit (Prints May Vary) Pack of 2,1498.0
Family Mom Son- Women's & Boy's Cotton Printed Regular Fit T-Shirts (Pack of 2) Queen Prince Matching Twinning Tees,860.0
"Men's Regular Fit V Neck Half Sleeved T-Shirt Pack of 2,Assorted",1158.0
"Womens V Neck Solid Regular Fit T-Shirt Pack of 2, Assorted",1298.0
"Women's Regular Fit V Neck Solid T-Shirt Pack of 2, Assorted",1294.0
Boy's Regular Fit Half Sleeves T-Shirt (Pack of 3),649.0
Cotton Sibling Tshirts for Brothers | Family Kids Boy's Printed Big Brother Little Brother Matching Twinning Tees (Pack of 2),435.0
"Womens V Neck Solid Regular Fit T-Shirt Pack of 2, Assorted",1298.0
SG04 Girl's Super Combed Cotton Rib Fabric Camisole with Regular Straps (Pack of 2),399.0
"Womens V Neck Solid Regular Fit T-Shirt Pack of 2, Assorted",1298.0
"Men's Regular Fit V Neck Half Sleeved T-Shirt Pack of 2, Assorted",1158.0
"Men's Regular Fit V Neck Half Sleeved T-Shirt Pack of 2,Assorted",1168.0
"Women's Regular Fit V Neck Solid T-Shirt Pack of 2, Assorted",1295.0
"Men's Regular Fit Striped Round Neck Half Sleeved T-Shirt Pack of 2, Assorted",1298.0
Men's Double Pocket Cotton Shirt | Casual | Plain | Full Sleeve - Slim Fit (Available in Plus Size),699.0
"Men's Regular Fit V Neck Half Sleeved T-Shirt Pack of 2, Assorted",1158.0
A142 Women's Super Combed Cotton Printed Fabric Relaxed Fit Long Length T-Shirt with Side Slit (Prints May Vary) Pack of 2,1498.0
"Infant Baby Boys & Girls 100% Cotton Printed Multicolor Half Sleeve T Shirts - 0 to 24 Months Babies, Pack of 5",649.0
Boy's Regular Fit T-Shirt,377.0
"Womens V Neck Solid Regular Fit T-Shirt Pack of 2, Assorted",1295.0
"Womens V Neck Solid Regular Fit T-Shirt Pack of 2, Assorted",1298.0
full sleeves cotton round neck solid t-shirt for boys and girls,409.0
"Womens V Neck Solid Regular Fit T-Shirt Pack of 2,Assorted",1298.0
"Womens V Neck Solid Regular Fit T-Shirt Pack of 2,Assorted",1294.0
"Men's Regular Fit V Neck Half Sleeved T-Shirt Pack of 2, Assorted",1158.0
"Women's Regular Fit V Neck Solid T-Shirt Pack of 2, Assorted",1298.0
Men's Round Neck Cotton Half Sleeved T-Shirt with Printed Graphics - Installing Muscles Please,449.0
Casual Shirt for Men|| Shirt for Men|| Men Stylish Shirt || Men Printed Shirt || Men,399.0
Half Sleeve Cotton Lycra Mens Shirt,399.0
Men Stylish Premium Lycra Fabric Slim Fit || Casual Shirt for Men|| Shirt for Men || Men Printed Shirt || Regular Fit Shirt || Cut Away Collar Casual Shirt,439.0
"| Drag Race T-Shirts 100% Cotton, Half Sleeve, Regular Fit.",499.0
Xxxtentacion Revenge (X) Hip Hop Merch T-Shirt,499.0
Regular Fit Printed Causal Shirt for Men - Pack of 1,419.0
Mens Branded Oversized Anime Printed Half Sleeve Cotton T-Shirt for Mens ||Printing Tshirts for Men || Oversized t Shirts for Men,699.0
Women's Regular Fit 3/4 Sleeve Solid Formal Shirt,649.0
,
Women's Regular Fit 3/4 Sleeve Solid Formal Shirt,649.0
,
,
